{
    "folder_to_label": {
        "n02672831": 401,
        "n02676566": 402,
        "n02687172": 403,
        "n02690373": 404,
        "n02692877": 405,
        "n02699494": 406,
        "n02701002": 407,
        "n02704792": 408,
        "n02708093": 409,
        "n02727426": 410,
        "n02730930": 411,
        "n02747177": 412,
        "n02749479": 413,
        "n02769748": 414,
        "n02776631": 415,
        "n02777292": 416,
        "n02782093": 417,
        "n02783161": 418,
        "n02786058": 419,
        "n02787622": 420,
        "n02788148": 421,
        "n02790996": 422,
        "n02791124": 423,
        "n02791270": 424,
        "n02793495": 425,
        "n02794156": 426,
        "n02795169": 427,
        "n02797295": 428,
        "n02799071": 429,
        "n02802426": 430,
        "n02804414": 431,
        "n02804610": 432,
        "n02807133": 433,
        "n02808304": 434,
        "n02808440": 435,
        "n02814533": 436,
        "n02814860": 437,
        "n02815834": 438,
        "n02817516": 439,
        "n02823428": 440,
        "n02823750": 441,
        "n02825657": 442,
        "n02834397": 443,
        "n02835271": 444,
        "n02837789": 445,
        "n02840245": 446,
        "n02841315": 447,
        "n02843684": 448,
        "n02859443": 449,
        "n02860847": 450,
        "n02865351": 451,
        "n02869837": 452,
        "n02870880": 453,
        "n02871525": 454,
        "n02877765": 455,
        "n02879718": 456,
        "n02883205": 457,
        "n02892201": 458,
        "n02892767": 459,
        "n02894605": 460,
        "n02895154": 461,
        "n02906734": 462,
        "n02909870": 463,
        "n02910353": 464,
        "n02916936": 465,
        "n02917067": 466,
        "n02927161": 467,
        "n02930766": 468,
        "n02939185": 469,
        "n02948072": 470,
        "n02950826": 471,
        "n02951358": 472,
        "n02951585": 473,
        "n02963159": 474,
        "n02965783": 475,
        "n02966193": 476,
        "n02966687": 477,
        "n02971356": 478,
        "n02974003": 479,
        "n02977058": 480,
        "n02978881": 481,
        "n02979186": 482,
        "n02980441": 483,
        "n02981792": 484,
        "n02988304": 485,
        "n02992211": 486,
        "n02992529": 487,
        "n02999410": 488,
        "n03000134": 489,
        "n03000247": 490,
        "n03000684": 491,
        "n03014705": 492,
        "n03016953": 493,
        "n03017168": 494,
        "n03018349": 495,
        "n03026506": 496,
        "n03028079": 497,
        "n03032252": 498,
        "n03041632": 499,
        "n03042490": 500
    },
    "folder_to_name": {
        "n02672831": "accordion",
        "n02676566": "acoustic guitar",
        "n02687172": "aircraft carrier",
        "n02690373": "airliner",
        "n02692877": "airship",
        "n02699494": "altar",
        "n02701002": "ambulance",
        "n02704792": "amphibian",
        "n02708093": "analog clock",
        "n02727426": "apiary",
        "n02730930": "apron",
        "n02747177": "ashcan",
        "n02749479": "assault rifle",
        "n02769748": "backpack",
        "n02776631": "bakery",
        "n02777292": "balance beam",
        "n02782093": "balloon",
        "n02783161": "ballpoint",
        "n02786058": "Band Aid",
        "n02787622": "banjo",
        "n02788148": "bannister",
        "n02790996": "barbell",
        "n02791124": "barber chair",
        "n02791270": "barbershop",
        "n02793495": "barn",
        "n02794156": "barometer",
        "n02795169": "barrel",
        "n02797295": "barrow",
        "n02799071": "baseball",
        "n02802426": "basketball",
        "n02804414": "bassinet",
        "n02804610": "bassoon",
        "n02807133": "bathing cap",
        "n02808304": "bath towel",
        "n02808440": "bathtub",
        "n02814533": "beach wagon",
        "n02814860": "beacon",
        "n02815834": "beaker",
        "n02817516": "bearskin",
        "n02823428": "beer bottle",
        "n02823750": "beer glass",
        "n02825657": "bell cote",
        "n02834397": "bib",
        "n02835271": "bicycle-built-for-two",
        "n02837789": "bikini",
        "n02840245": "binder",
        "n02841315": "binoculars",
        "n02843684": "birdhouse",
        "n02859443": "boathouse",
        "n02860847": "bobsled",
        "n02865351": "bolo tie",
        "n02869837": "bonnet",
        "n02870880": "bookcase",
        "n02871525": "bookshop",
        "n02877765": "bottlecap",
        "n02879718": "bow",
        "n02883205": "bow tie",
        "n02892201": "brass",
        "n02892767": "brassiere",
        "n02894605": "breakwater",
        "n02895154": "breastplate",
        "n02906734": "broom",
        "n02909870": "bucket",
        "n02910353": "buckle",
        "n02916936": "bulletproof vest",
        "n02917067": "bullet train",
        "n02927161": "butcher shop",
        "n02930766": "cab",
        "n02939185": "caldron",
        "n02948072": "candle",
        "n02950826": "cannon",
        "n02951358": "canoe",
        "n02951585": "can opener",
        "n02963159": "cardigan",
        "n02965783": "car mirror",
        "n02966193": "carousel",
        "n02966687": "carpenter's kit",
        "n02971356": "carton",
        "n02974003": "car wheel",
        "n02977058": "cash machine",
        "n02978881": "cassette",
        "n02979186": "cassette player",
        "n02980441": "castle",
        "n02981792": "catamaran",
        "n02988304": "CD player",
        "n02992211": "cello",
        "n02992529": "cellular telephone",
        "n02999410": "chain",
        "n03000134": "chainlink fence",
        "n03000247": "chain mail",
        "n03000684": "chain saw",
        "n03014705": "chest",
        "n03016953": "chiffonier",
        "n03017168": "chime",
        "n03018349": "china cabinet",
        "n03026506": "Christmas stocking",
        "n03028079": "church",
        "n03032252": "cinema",
        "n03041632": "cleaver",
        "n03042490": "cliff dwelling"
    }
}